id,f_name,l_name,b_date,gender,email,address
7,Anthony,opkins,1937-12-31,male,a.hopkins@email.com,USA
8,Vasja,Pupkin,2020-06-03,male,vpupkin@gmail.com,Ivanovo
11,Vladimir,Putin,2020-06-08,Male,v.putin@russia.ru,Russia
36,Fedor,Fedorov,2020-06-14,Male,fedor@fed.fd,""
37,test,test,2020-06-18,Female,test@test.cd,tt
41,Petor,Petrov,2020-06-17,Male,petor@pt.pt,Petrovo
38,test,test,2020-06-11,Female,test@test.com,test
39,test,test,2020-06-18,Male,test@test.com,geargaerg
40,test,test,2020-06-19,Female,test@test.com,test
42,test,test,2020-06-11,Male,test@test.com,test
43,test,test,2020-06-25,Male,test@test.com,""
44,test,test,2020-06-25,Male,test@test.com,""
